,hash,total_value,transaction_direction,time
0,9c3b8b75040a8a69e2bc8f8731db4a1c20320b504f1ca0189881426d8c24ffbc,91541260,outbound,2023-04-07 07:57:53
1,f0de79bfbfcb2928a89d21c4c517ee9392fea41d2da4380087167f8493f78428,20123108,inbound,2023-04-06 22:05:52
2,150fb44378c692db3f639ad4fb029789094685a1ae0023d1c878fd9c65ae4a7d,751872665,outbound,2023-04-06 09:16:40
3,534eee99bd7b0068f221f2dade5b861b5d243bd523c647d6901a57d54479c13b,653385808,inbound,2023-04-05 18:59:18
4,b4c07a71021f356caa3d24899dcf450147ed8d8ce3adfa7d9dcf3cc538c25f34,13533240,outbound,2023-04-05 18:15:28
5,6cbed7f31b5c0976210c58fa4435c3fb62d3095cfdf5a972531757c0a43e5bbf,688658420,inbound,2023-04-05 18:08:43
6,d26c3998be479f11141423f3cd828c32ea465a2750e95fc0315c10d345b3214d,20503070,inbound,2023-04-05 02:58:21
7,7e70a33c7db50ef3cc958de9f45a6d2b2385d5bdc13137dedb0e5abc551b2bd3,11629959523,inbound,2023-04-04 21:40:42
8,73ed5c0a71da98d4cddc24bef401cbf75d216300b6dc9a136d98980c23257420,43129076,inbound,2023-04-04 20:22:27
9,045b7841dfa22af792dd490218cf3d4136c493a18d24842f3b92a0a47bcfd34b,16260729,inbound,2023-04-04 13:48:04
10,619beda52c01fc932c6972690ff1f7e5f10b218e59fd60461b1d769843c05deb,54132832,outbound,2023-04-04 11:32:25
11,1eadc8b834e5801c8bf02879bff6a56f823f6f8f0e50964723a85311a2d1b891,1861303719,inbound,2023-04-04 08:59:23
12,6285d2d577d61c7387a0a98fda08d1d8888993247d774649710d71c3ae05bbbd,3489264085,inbound,2023-04-03 21:48:43
13,17f4e53ee32e2d92c73406fdb439d9204ec8ac8dfa8906bf98a651f6afe7e27c,30713607,inbound,2023-04-03 18:29:19
14,108ab49055493aeadcd532b70f8897aadcce133d4e7147269d63c1126d6170cc,231985410,inbound,2023-04-02 22:37:23
15,94785ae2ea51d8ed3a4d3c788106be7424a24c971090481d578962ab588e2436,726555852,inbound,2023-04-02 19:52:28
16,396d9337e43676d61ea799b9e3b0ca5951c4301fc7a5ef4c443a342232e36b0c,55454691914,inbound,2023-04-02 19:25:13
17,19ffd629b65c3c8349c50dd55547eaa702ef1912e1785764a85a3aa55ce2be36,200316580,outbound,2023-04-02 14:39:03
18,c43f5817513f2acc547713ec34a97417a2eb2bfd34bc001d1847ac7789f99367,346557678,outbound,2023-04-02 14:35:49
19,c43f5817513f2acc547713ec34a97417a2eb2bfd34bc001d1847ac7789f99367,346557678,inbound,2023-04-02 14:35:49
20,63c9bc1f80608e96060ebcd7c52d37d93fccaefdf9c04c411fa33d724b96e691,327039497,outbound,2023-04-02 11:31:25
21,891df6fbf931622cb2eb7f7c00a959667d4f4139ad41ff3ede3dc80b52c9ceeb,527043199,outbound,2023-04-02 10:20:24
22,672203ab2e934e727a558212a009448d4a69c4ecc35eee1894a8e635e25e4098,627047049,outbound,2023-04-02 08:59:05
23,ee715e70a5881fd55ecde1743d3fe6598b501c1e5f7139109581e79565289385,727048826,outbound,2023-04-02 08:43:53
24,3d2d12f2e71597036cc0a03a10df55c2f7fdd8d4708930658f73bc3560664c4e,1484778482,outbound,2023-04-01 16:05:09
25,3d2d12f2e71597036cc0a03a10df55c2f7fdd8d4708930658f73bc3560664c4e,1484778482,inbound,2023-04-01 16:05:09
26,0ab9c179b783d025519cc3e5c1d808e1837321080c82641e97ebb0472312fe95,32716052,outbound,2023-04-01 15:05:11
27,455033adbfc799eedc58252076f141d3ad08471269676ed108750854c39b7e8d,22129563,inbound,2023-04-01 15:00:00
28,7fe88b36364c172cd396ff2a19a31fa88047de1ded79bfb5fd8e90f536a43bb3,531864042,inbound,2023-04-01 00:20:15
29,3cbb95cbaf0fbfd92c1015396f331bc01c6bf6003d1cf571b3460363d7b87122,171234547,inbound,2023-03-31 23:22:11
30,1cce487e6191f64c0c9dba00f9f31962befe5887b1f5aef4d3cb1949a28d1400,18802959,outbound,2023-03-31 11:51:03
31,72fb628d30707c4d7fa7d4b1cb6365c570d22d4ea0af5bd5ef5c9db6ecf5bc3a,398049351,inbound,2023-03-31 03:45:44
32,2107130caf4382b68622f588b45d5e35065106ff896bfd58a6ac4e79dd3bb730,112483008,inbound,2023-03-29 18:47:07
33,eef3a0496954cb2d4b308c8619a4d6487b4613f95a9fc1705970fa6c6f9f047c,234454856,inbound,2023-03-29 13:34:16
34,c4a5121236009819bf9676c8fdb4e3242de7a22a1f9d695ac4aa19a980a03c22,571738268,inbound,2023-03-28 14:54:32
35,fb8a95ddbb4171f7a244bb213effd03f7478ef91ad603ff76ccf577239e02c71,45098124,outbound,2023-03-28 12:57:47
36,365d0b174aadad1624280e4574188bfa686fb335095dac6c378d524aa8621c27,203985854,inbound,2023-03-28 05:18:10
37,714b266ef18aee52effc559879f4629b4c9dc62990ed08fdd88766d373a7f10a,260571697,inbound,2023-03-27 23:04:58
38,011a315edf99c7a148ed864f1548dc351c935fee5ed1bc13b65757b3da6a6d4d,176310949,inbound,2023-03-27 03:27:04
39,17e650b2fd9390c19cc03ef9834b8f071016b5fbb2e6dee6869ae78f1e61ed05,192552283,inbound,2023-03-27 03:12:49
40,3f34e4153a3a037b1716e008b7cc61bbf04a8d97fcb6595ce125da5518b3d815,173801998,inbound,2023-03-26 15:58:08
41,9735c1ac4e3f3a65a53b9a471d2f7b5c8934e1fa32584a0a88b72f2a60378920,746756773,inbound,2023-03-25 05:27:10
42,d569048dccdd3bff5e27c3398a7c435b3377c31a867f75725fca8dc42a7b9323,5573911912,inbound,2023-03-23 18:16:52
43,cd5be3f8e7738d222e6c6d4fadd1264e80c515ac2d03004a674c983674582f60,33616757,outbound,2023-03-23 13:41:07
44,67886ba1fe302868b751c69d5c512e47ad939a068f1c26040e73f425d68a0b17,6389976017,inbound,2023-03-22 20:20:11
45,ac538f72805ee4ab93341451b6d144f24c52b471c6cb79771650ea06400d15ee,19899971846,inbound,2023-03-19 16:23:26
46,c77684ae859cb1eac4814483bdd962496775b881c7be086945e8b2cd7b27fc85,76982934,inbound,2023-03-19 00:11:09
47,864bc2181d8d60e70d0ae502aae9fe1f47283a494dd7f1927a68e16effdaea75,65780269,outbound,2023-03-18 12:13:51
48,26a8e9cc5be6fa8b95f6efeaa284214cb64e8960b5b5ed61b28926ad75ef2f6c,154228728,inbound,2023-03-17 22:04:57
49,14d74f350a7e02f496360af7998bc4cc96c0f36a9a88fca2c3f1c7be4edc4bbb,171119700,inbound,2023-03-17 13:56:12
50,82cd76b4b09e4c1236599ddea5518ea958e01c11d38008407c578bd3856f8537,288973025,inbound,2023-03-17 14:22:10
51,2f190d8a817703f1a9ccecfe0a1a66dbeef917475d0a79af4f15ab9f51f53b69,569927614,inbound,2023-03-17 14:17:08
52,8f9391429c028357008fafffdd19af5255f13c9bd4cb72e8932995176ea58e6f,393328728,inbound,2023-03-15 14:54:59
53,7cc834feec3fe4d111da55ec7590dc27f485dfddfc71f1b26d13c87aec8ec15b,66628661,outbound,2023-03-14 16:03:15
54,e8abb28c326b11c6d4dc2e8c894fec787befc688318092b73c02417860bd575d,11964644,inbound,2023-03-12 20:07:50
55,009a998e2f7d426bfd7d0dc3f3f981bacb06828bfa230067e3a8cbff0511c1d6,26976122,inbound,2023-03-12 11:23:32
56,227122c8f67a0a05d749b727507bfe3c46aadb27e361bb949b12cbcc66d8308c,14363694,inbound,2023-03-11 20:00:25
57,8a9de30f3c5dac712d73e53afacaad2b097d488b05e00257d573a23c1f59345f,30417647,outbound,2023-03-09 20:41:52
58,60cb9f8e8135edf598f43ab4f8284256c523b20999120510307c02d94a735cb6,25959847,inbound,2023-03-09 03:30:42
59,a610dcbc7e1762160a830d5aa96a0f863b0ba3d213916b12bf3fe4d22a0ad1fd,99033365,outbound,2023-03-07 13:39:01
60,bfc17d887a5f15a88312da687306a40e83152d749f4772e6e452385b8b200205,114062456,outbound,2023-03-06 15:12:26
61,9a956fe2c3c569a4d9be1f6af299f44b941609b60e43b2d013d41dec88f063f2,1495864297,inbound,2023-03-06 11:54:02
62,735a3251c3d42dd70ba2df0e88102d4ffe2bcaa45ce3797b2d9acfffed9f177c,29327885,inbound,2023-03-06 03:28:43
63,f94440773b5c9d718fd2d5fa9d2d2a16439b8d41ff8ec0429b71a470136f5d58,8334904549,inbound,2023-03-05 03:37:18
64,ea93b02677c8964a131e91c58a250440c4ddde04a144529f91da90a92b0a7048,404461674,inbound,2023-03-05 02:21:37
65,cd9188f28dd911d6de6e14b2c81a6a007a1eb6be153e5d66e8ced129ea67874e,25100701,inbound,2023-03-04 04:27:41
66,e85bd893e4e3e787d1dce90c2c2e024c077aa29bd991da01f28cf539a8c458ba,12018032,inbound,2023-03-03 20:34:48
67,9e04cb5a5ab7ec5f78477e21144bc16baec4eca9f6cf60093284ef6b13474a7e,446813157,inbound,2023-03-03 11:07:44
68,1f681500066bb89a9e5b9bdf92df62aa15ebda1626653bb3df46d8538570081b,34378557,inbound,2023-03-02 11:35:35
69,b63c2c4108a78e72b87c6f4b015d23f920a2111f7bd244cb8d4b9879383ef86e,128911860,outbound,2023-02-27 17:07:16
70,0cd858c7a5090c907ca039d04ace7c77b5325d21a5782ec4d38307075ab702e2,522109170,inbound,2023-02-25 02:56:08
71,3491b7cb4e390cd665a0ece041954cb610e3f876e0173bbaf12f36288563f286,14157891,inbound,2023-02-24 20:17:16
72,94b2ea5646a1bb4360e39c17edef8be63e3dc8908235b0289395491cebcac535,1178737574,inbound,2023-02-23 19:48:38
73,a6d32783a0bbd2e18593d2e6b87074a7f41f5dd46c42673c343a2e7a778a1c46,1999937740,inbound,2023-02-23 18:56:42
74,791a00345308b23379d837ee0bb9678e1a46ae1ecbbc125d217c252c305dd2cf,308685712,inbound,2023-02-23 17:22:38
75,bd19d92f5b5a070a363eaa97a03f5d41bdb05c0783bb14e58d34d45da137717f,117488000,inbound,2023-02-23 01:51:00
76,f0e45b86dd0122705edb0e77a46adff7f4e454c6587597afccad2a6188b3c3bd,102099154,outbound,2023-02-22 12:51:14
77,b592db8716d0bf76a06234436d9daaf4f624879a773ff8216a86aad957864b58,75911870,inbound,2023-02-20 10:50:57
78,122005c8bc457996d5593617c618154366a83bf569f02cdb13c9841647b7c513,11834135,inbound,2023-02-19 22:42:25
79,c00f4eadeb6048ff708cfe95835df685876dfd3fdcaf4c4e99e0fc63256ed351,10034066,inbound,2023-02-19 19:14:28
80,a6388a6ec055cc9cdcdb8dbf9820986094e4feba53326844b7544a3cccbbde6b,550411868,inbound,2023-02-18 00:40:18
81,33c97c9a0fd3b4d0b675092b6a26b4bcba046660e3cc2b8715bb135f3a87db54,159847210,inbound,2023-02-15 21:36:59
82,53f8d33573a60b6ff3f2538f535968580bebc509c6be9250d7123e42f2aa8eae,100274796,outbound,2023-02-15 08:50:07
83,690eb5d07f692648e4dcf515258976786e1ae74b88e14bf6ec1c91b26224a788,210853669,inbound,2023-02-12 04:22:09
